timestamp;P0_e1rendida;AD1_entender_error;AD1_identific_brecha;AD1_aporta_aprendizaje;AD2_imparcial;AD2_objetiva;AD2_transparente;AD3_tiempo;AD3_legibilidad;AD4N_mayor_compromiso;AD4_mayor_controltecnico;AD4N_no_revision_manual;AD4_mayor_innovacion;AD5_comodidad;AD5_seguir_usando;BD1_util_mejor_retralim;BD1_mejor_correccion;BD2N_mayor_compromiso;BD2_mayor_controltecnico;BD2_mayor_innovacion;BD3_deseo_revision_asistida;BD3_confio_revision_asistida
28/09/2026 22:08:40;no;;;;;;;;;;;;;;;5.0;5.0;4.0;3.0;5.0;3.0;4.0
28/09/2026 22:08:58;no;;;;;;;;;;;;;;;2.0;4.0;4.0;4.0;4.0;4.0;3.0
28/09/2026 22:09:15;no;;;;;;;;;;;;;;;5.0;5.0;5.0;5.0;5.0;5.0;5.0
28/09/2026 22:10:11;no;;;;;;;;;;;;;;;5.0;5.0;4.0;3.0;5.0;3.0;3.0
28/09/2026 22:09:54;si;4.0;4.0;5.0;4.0;4.0;4.0;5.0;5.0;3.0;4.0;3.0;5.0;4.0;4.0;;;;;;;
28/09/2026 22:10:11;si;4.0;5.0;5.0;4.0;5.0;4.0;5.0;5.0;2.0;5.0;4.0;4.0;4.0;4.0;;;;;;;
28/09/2026 22:10:15;si;4.0;5.0;5.0;5.0;3.0;4.0;5.0;4.0;5.0;4.0;5.0;4.0;4.0;4.0;;;;;;;
28/09/2026 22:10:28;si;5.0;5.0;5.0;5.0;5.0;5.0;5.0;5.0;5.0;5.0;5.0;5.0;5.0;5.0;;;;;;;
28/09/2026 22:11:10;si;4.0;4.0;4.0;4.0;4.0;5.0;4.0;5.0;2.0;5.0;3.0;4.0;5.0;4.0;;;;;;;
28/09/2026 22:11:43;si;4.0;3.0;3.0;4.0;3.0;5.0;5.0;5.0;2.0;5.0;1.0;4.0;3.0;3.0;;;;;;;
28/09/2026 22:11:58;si;4.0;4.0;5.0;5.0;4.0;2.0;5.0;5.0;3.0;3.0;1.0;4.0;3.0;4.0;;;;;;;
28/09/2026 22:12:53;si;5.0;5.0;5.0;4.0;4.0;3.0;5.0;5.0;5.0;5.0;5.0;5.0;4.0;4.0;;;;;;;
29/09/2026 22:35:54;si;5.0;5.0;5.0;5.0;5.0;5.0;5.0;5.0;5.0;5.0;5.0;5.0;5.0;5.0;;;;;;;
